id,author_id,title,content
1,1,Title1,Content1
2,1,Title2,Content2
3,1,Title3,Content3
4,2,Title1,Content1
5,2,Title2,Content2
6,2,Title3,Content3
7,3,Title1,Content1
8,3,Title2,Content2
9,3,Title3,Content3
10,4,Title1,Content1
11,4,Title2,Content2
12,4,Title3,Content3
13,5,Title1,Content1
14,5,Title2,Content2
15,5,Title3,Content3
16,6,Title1,Content1
17,6,Title2,Content2
18,6,Title3,Content3
19,7,Title1,Content1
20,7,Title2,Content2
21,7,Title3,Content3
22,8,Title1,Content1
23,8,Title2,Content2
24,8,Title3,Content3
25,9,Title1,Content1
26,9,Title2,Content2
27,9,Title3,Content3
28,10,Title1,Content1
29,10,Title2,Content2
30,10,Title3,Content3
